x,y,Place
-76.5276054,3.4766973,shopping_center
-76.5369177,3.4541912,shopping_center
-76.5384818,3.3953069,shopping_center
-76.5291618,3.4486839,shopping_center
-76.5358443,3.3877308,shopping_center
-76.53776,3.39662,shopping_center
-76.5460373,3.3945853,shopping_center
-76.529252,3.45312,shopping_center
-76.526833,3.3674493,shopping_center
-76.5409336,3.4129516,shopping_center
-76.5474462,3.4140011,shopping_center
-76.5377778,3.4269444,shopping_center
-76.5393038,3.3871829,shopping_center
-76.5372086,3.4540946,shopping_center
-76.5275187,3.3692303,shopping_center
-76.5435608,3.4175387,shopping_center
-76.5480103,3.4162969,shopping_center
-76.53931,3.3745237,shopping_center
-76.5472878,3.4118306,shopping_center
-76.5464419,3.4038131,shopping_center
-76.527842,3.47441,shopping_center
-76.527481,3.466189,shopping_center
-76.5278309,3.4759749,shopping_center
-76.548588,3.418325,shopping_center
-76.5133712,3.4646729,shopping_center
-76.540066,3.417056,shopping_center
-76.545057,3.428099,shopping_center
-76.5436523,3.4047584,shopping_center
-76.5376014,3.4061535,shopping_center
-76.54516,3.3936,shopping_center
-76.5302187,3.4515407,shopping_center
-76.527603,3.3972,shopping_center
-76.5334473,3.3428163,shopping_center
-76.5282881,3.4266849,shopping_center
-76.526911,3.4667063,shopping_center
-76.5300809,3.4495549,shopping_center
-76.5407931,3.3870388,shopping_center
-76.5291141,3.4479292,shopping_center
-76.546806,3.400037,shopping_center
-76.5302109,3.4515155,shopping_center
-76.5284164,3.44798,shopping_center
-76.5297919,3.4541967,shopping_center
-76.5276842,3.4489657,shopping_center
-76.50055434,3.464681631,shopping_center
-76.5034515,3.4775707,shopping_center
-76.538435,3.437087,shopping_center
-76.5298214,3.4514786,shopping_center
-76.5305086,3.4522819,shopping_center
-76.5302334,3.4489675,shopping_center
-76.5281886,3.4495098,shopping_center
-76.5333621,3.460182,shopping_center
-76.53931,3.3745236,shopping_center
-76.529885,3.4482069,shopping_center
-76.528869,3.4495128,shopping_center
-76.5314561,3.4498406,shopping_center
-76.5380733,3.4532138,shopping_center
-76.5283182,3.4500252,shopping_center
-76.52136,3.46617,shopping_center
-76.5290876,3.4498401,shopping_center
-76.5285918,3.4485697,shopping_center
-76.533273,3.440365,shopping_center
-76.5281685,3.453352,shopping_center
-76.529366,3.4531175,shopping_center
-76.528638,3.4508471,shopping_center
-76.5161946,3.4532344,shopping_center
-76.53924,3.37184,shopping_center
-76.5314731,3.3627731,shopping_center
-76.5005978,3.4442939,shopping_center
-76.50110782,3.464829226,shopping_center
-76.5341824,3.4435608,shopping_center
-76.5295704,3.4511463,shopping_center
-76.5303882,3.4490553,shopping_center
-76.5244512,3.4019206,shopping_center
-76.535314,3.4580418,shopping_center
-76.5288737,3.4493749,shopping_center
-76.52739,3.44887,shopping_center
-76.5297921,3.4478562,shopping_center
-76.5474481,3.4139953,shopping_center
-76.5313283,3.3617296,shopping_center
-76.5278699,3.46571,shopping_center
-76.5289659,3.4515534,shopping_center
-76.5277115,3.4558349,shopping_center
-76.49765,3.48494,shopping_center
-76.544897,3.434965,shopping_center
-76.5291103,3.4501424,shopping_center
-76.5281827,3.4496233,shopping_center
-76.5277166,3.4746607,shopping_center
-76.5300792,3.3680933,shopping_center
-76.4881226,3.4518412,shopping_center
-76.5282726,3.4575168,shopping_center
-76.5299815,3.4520781,shopping_center
-76.5140184,3.4647295,shopping_center
-76.5292565,3.4486054,shopping_center
-76.5301116,3.4525051,shopping_center
-76.528895,3.450035,shopping_center
-76.5289003,3.4712422,shopping_center
-76.4986377,3.4397945,shopping_center
-76.5294075,3.4497337,shopping_center
-76.5292258,3.4497806,shopping_center
-76.498487,3.4813113,shopping_center
-76.5310387,3.4501082,shopping_center
-76.5288405,3.4486253,shopping_center
-76.5282498,3.4330832,shopping_center
-76.5294424,3.4527735,shopping_center
-76.5456042,3.4149337,shopping_center
-76.5285643,3.4487538,shopping_center
-76.535081,3.4508371,shopping_center
-76.5276748,3.4676821,shopping_center
-76.529686,3.451004,shopping_center
-76.5290575,3.4515759,shopping_center
-76.5298765,3.4495875,shopping_center
-76.525635,3.457375,shopping_center
-76.5071033,3.4534114,shopping_center
-76.4788449,3.4417345,shopping_center
-76.5304324,3.4529542,shopping_center
-76.5289526,3.4540935,shopping_center
-76.5292657,3.4511909,shopping_center
-76.5311228,3.4622927,shopping_center
-76.5298577,3.4479788,shopping_center
-76.5362699,3.4540643,shopping_center
-76.5106981,3.4843053,shopping_center
-76.5343759,3.3642859,shopping_center
-76.5385569,3.3758153,shopping_center
-76.4987796,3.4802401,shopping_center
-76.5265168,3.4773853,shopping_center
-76.5035226,3.4721516,shopping_center
-76.5290335,3.4490008,shopping_center
-76.5291105,3.4527648,shopping_center
-76.5037542,3.4720113,shopping_center
-76.516888,3.4780603,shopping_center
-76.5282539,3.4571004,shopping_center
-76.5281924,3.4524697,shopping_center
-76.5313209,3.4481632,shopping_center
-76.5281257,3.4745481,shopping_center
-76.529321,3.4510246,shopping_center
-76.5341976,3.4505677,shopping_center
-76.5294052,3.4517441,shopping_center
-76.4863209,3.4693266,shopping_center
-76.530068,3.4540661,shopping_center
-76.5291245,3.4525285,shopping_center
-76.5308553,3.4512434,shopping_center
-76.530068,3.4540527,shopping_center
-76.5376726,3.4529773,shopping_center
-76.53671191,3.370856703,Bus_station
-76.54019968,3.372711145,Bus_station
-76.54279878,3.377176229,Bus_station
-76.54493992,3.38803731,Bus_station
-76.54594825,3.394096085,Bus_station
-76.54646038,3.398691595,Bus_station
-76.54680441,3.403855305,Bus_station
-76.54743907,3.409659528,Bus_station
-76.54832361,3.4187953,Bus_station
-76.54699688,3.423456881,Bus_station
-76.54312289,3.431876236,Bus_station
-76.54094468,3.434963476,Bus_station
-76.53700806,3.439826407,Bus_station
-76.53251123,3.442292743,Bus_station
-76.52734689,3.442676115,Bus_station
-76.52067912,3.444168057,Bus_station
-76.51455828,3.445280693,Bus_station
-76.50826224,3.444834847,Bus_station
-76.50220863,3.44430792,Bus_station
-76.49883034,3.443872721,Bus_station
-76.49598687,3.44354954,Bus_station
-76.48699757,3.445301901,Bus_station
-76.52625706,3.443542953,Bus_station
-76.52791695,3.449056242,Bus_station
-76.53009924,3.454412112,Bus_station
-76.53018814,3.456857369,Bus_station
-76.52880857,3.443640974,Bus_station
-76.53006841,3.448432569,Bus_station
-76.53157295,3.453404339,Bus_station
-76.52516363,3.460493466,Bus_station
-76.52563929,3.458596707,Bus_station
-76.52248201,3.460111607,Bus_station
-76.51735434,3.462917703,Bus_station
-76.51328205,3.466254125,Bus_station
-76.51076481,3.469566563,Bus_station
-76.50666178,3.473792276,Bus_station
-76.50218634,3.478297845,Bus_station
-76.49821006,3.481496533,Bus_station
-76.52912179,3.367039459,Bus_station
-76.54831959,3.415004724,Bus_station
-76.5297362,3.447325253,Bus_station
-76.53129777,3.452494393,Bus_station
-76.52709514,3.461094386,Bus_station
-76.52542333,3.463389501,Bus_station
-76.51958095,3.474376846,Bus_station
-76.51704732,3.4784304,Bus_station
-76.51344544,3.484266438,Bus_station
-76.52276417,3.43982845,Bus_station
-76.51773756,3.437472213,Bus_station
-76.51388677,3.434621895,Bus_station
-76.51014125,3.432173118,Bus_station
-76.50522927,3.427129666,Bus_station
-76.49453969,3.424835114,Bus_station
-76.49077992,3.421568444,Bus_station
-76.48714913,3.418750261,Bus_station
-76.50870505,3.48925738,Bus_station
-76.5490886,3.415069053,Bus_station
-76.48331933,3.442698758,Bus_station
-76.49417818,3.48759805,Bus_station
-76.48153836,3.413477976,Bus_station
-76.5233506,3.401373028,Bus_station
-76.52296436,3.361199864,Bus_station
-76.56122527,3.421592163,Bus_station
-76.56383911,3.417576438,Bus_station
-76.55790289,3.419893312,Bus_station
-76.50002881,3.427210482,Bus_station
-76.5352996,3.384889939,Public_parks
-76.53064862,3.386736847,Public_parks
-76.5269846,3.38700591,Public_parks
-76.54004674,3.379731265,Public_parks
-76.53079487,3.395273151,Public_parks
-76.52966757,3.394953399,Public_parks
-76.53736615,3.442911958,Public_parks
-76.54452184,3.446046284,Public_parks
-76.54257178,3.43158381,Public_parks
-76.55340255,3.406566925,Public_parks
-76.55193382,3.406733475,Public_parks
-76.54526651,3.409677185,Public_parks
-76.54549338,3.435892139,Public_parks
-76.48202962,3.419849185,Public_parks
-76.48516109,3.417435033,Public_parks
-76.48232162,3.41632758,Public_parks
-76.53628314,3.424052825,Public_parks
-76.54106056,3.429704751,Public_parks
-76.52492366,3.47397918,Public_parks
-76.51166128,3.476674034,Public_parks
-76.53337604,3.454650859,Public_parks
-76.5346376,3.45517282,Public_parks
-76.5390638,3.401545264,Public_parks
-76.5297927,3.400758753,Public_parks
-76.532899,3.402909844,Public_parks
-76.53427703,3.398992024,Public_parks
-76.54165698,3.388985683,Public_parks
-76.51170771,3.420576577,Public_parks
-76.47163353,3.425669453,Public_parks
-76.47438964,3.421006786,Public_parks
-76.46312372,3.422651282,Public_parks
-76.46756794,3.434925033,Public_parks
-76.52956479,3.427863107,Public_parks
-76.53210767,3.422120358,Public_parks
-76.53086365,3.417993658,Public_parks
-76.52954449,3.414648079,Public_parks
-76.53786196,3.408368079,Public_parks
-76.53889381,3.361571949,Public_parks
-76.52913377,3.352413878,Public_parks
-76.52808232,3.374776329,Public_parks
-76.53899242,3.399877495,Public_parks
-76.55095634,3.412701909,Public_parks
-76.49970412,3.405190468,Public_parks
-76.49906937,3.404211405,Public_parks
-76.50884381,3.400763846,Public_parks
-76.50774219,3.397259448,Public_parks
-76.51698065,3.391537673,Public_parks
-76.52250609,3.38241026,Public_parks
-76.52087868,3.380519938,Public_parks
-76.52942453,3.398198662,Public_parks
-76.52551724,3.398953538,Public_parks
-76.53184908,3.408468296,Public_parks
-76.50771895,3.408489693,Public_parks
-76.51098086,3.405520116,Public_parks
-76.49905511,3.419279466,Public_parks
-76.48948694,3.422384731,Public_parks
-76.49452948,3.427140313,Public_parks
-76.49735907,3.424723137,Public_parks
-76.49936338,3.425507916,Public_parks
-76.49215664,3.447606435,Public_parks
-76.52298228,3.438491426,Public_parks
-76.51834519,3.455258368,Public_parks
-76.52564642,3.454074563,Public_parks
-76.53646963,3.437157075,Public_parks
-76.50197752,3.438075149,Public_parks
-76.50953867,3.433818129,Public_parks
-76.48922073,3.44179334,Public_parks
-76.46995205,3.436451227,Public_parks
-76.47306174,3.437907268,Public_parks
-76.46531807,3.417408084,Public_parks
-76.47127051,3.40973933,Public_parks
